FAKZZU00SSGZ4MEK,2002-06-21,Joshua,Eastman,adriannadeberry@sitemap.com
IK98DZPHX00S5211,1997-10-05,Rico,Hardy,myles_vetter988@hotmail.com
8IKQDEXN55MMRKBK,1970-05-26,Norman,Crowley,coleneballinger61765@yahoo.com
8U8UDLSX1QJGEYX9,2015-10-22,Merrill,Hinson,lanita030@hotmail.com
JAY476M9K4B2MOJQ,1986-07-01,Ida,Buss,darellfabian@gmail.com
5A3R32OP22NX92KQ,2019-05-22,Many,Dortch,yung_medley61@spyware.com
2VFFO23LFMC3N8ZX,1997-12-07,Rima,Barnhill,samantha-greenlee@gmail.com
L6YS6PN83D4QCNJZ,1984-10-26,Versie,Petty,cyrus-albrecht442@hotmail.com
C3MQ0HJQ251Q5CA1,1991-01-30,Lucien,Lebron,arceliavela52758@presence.com
1CVORNZ8E4FGDCPY,2000-10-13,Melissa,Brenner,mimi-thacker@gmail.com
4IKGUI5MUUZ68UJ7,1999-10-22,Margarite,Case,danilo-helms1@yahoo.com
X8HGSLQFF91XFGUJ,2022-03-08,Rayna,Creel,roxane_lavoie614@exemption.com
QD8GXXHBG3Y97GV2,1989-01-10,Reda,Anaya,kitty.wray4@whose.com
4LIB47NHQQSQPRS2,2007-08-09,Ashton,Fischer,rod233@yahoo.com
M2I51IDKIH3V9YJI,2022-01-19,Lynetta,Lovell,venessa_flanigan@yahoo.com
AYO24YY8PES9GDCT,1982-12-16,Annalee,Arthur,micaela_machado0491@gmail.com
F8XDZ37JQDQSX9F1,2000-08-16,Erik,Little,vivian-ramos@yahoo.com
8QG14IABDSQMGDRQ,2005-12-09,Sherry,Elmore,twanna-daniels78880@needle.com
5SH1TEACIH151TPO,2004-11-07,Lucina,Werner-Monson,pamella7408@aa.com
U4QGLV4K47MFIFZM,1991-06-28,Rosette,Bolen,peggie-marble@receive.com
3FS209YFGVMQG9DY,1993-04-22,Rashida,Culbertson,haywood8485@charms.com
XG5TL00CV04H533Z,2010-04-18,Jolene,Billups,venetta131@yahoo.com
9LHNO9M0PTEJVQSK,2014-06-05,Genoveva,Mabry,arnold_shell2@environment.press
4VCQQZ9RDKRKTQZY,2006-02-26,Neida,Wilkins,carlton4@fever.com
8JZFP7RLLNYO9017,1999-11-15,Brigida,Cave,adelaide.acker@jay.bz.it
R305GQ8ZF8N9IXS4,1980-06-05,Kathryn,Derr,gertrudisvarner-bradley01@newport.com
HOJ7MZTPEJVB6HKQ,1989-06-26,Lucinda,Mitchel,rosaline_bergstrom18@hotmail.com
RS1QGJZG87J1YNHT,1983-02-22,Dorthea,Barkley,barbara_bayer@demographic.com
2BN11BU3ELCRHC8S,2017-11-18,Chasidy,Shirley,mikel_stein-goodin995@as.com
8P93A7IDENF068GM,1999-07-11,Lavera,Rains,garret16@breakdown.navy
9R5FB9Y59P71OKCN,2015-05-15,Kourtney,Washburn,leontine5212@yahoo.com
B22RHQ6VEAC6469F,2017-09-16,Ophelia,Elrod,thersa6@quiet.jeep
D6FU9X86AIKBNB2V,2011-03-04,Cari,Epperson,newton.ebert3@gmail.com
BIQ227SJ7FSQSAUD,1981-11-22,Wava,Gates,taishatang@quantitative.com
Q860Z86BHX6TTK9N,1976-01-07,Doreen,Flanigan,kierarocha888@reject.sondrio.it
Q95YVIY0IEPRQVY4,1973-05-19,Philip,Hoyle,novellalocke2@hotmail.com
1KZG3KO4ZIV9KVTS,1998-08-11,Elias,Conyers,arlene.pinson@yahoo.com
R95PC8US1FH6PDI1,1986-10-26,Miranda,Wood,insneed-kitchen50770@gmail.com
TSQUVXAGT8PINQPC,2000-08-31,Carli,Holt-Mcneil,contessadavis81@yahoo.com
UUQQ3RP3RAKQMQSC,2006-08-04,Stella,Sharpe,nery.charles5@aa.com
BRM79V0N3C64NBFX,2014-08-15,Lisa,Hinton,tessa0@environment.edu.co
KX5473TL1BQ5Q8XI,1993-08-26,Harvey,Donnelly,cecil.moses9@vision.smøla.no
37D8O936J3Q3RN8C,2003-08-03,Rodrick,Reeder,jasmin-buckingham6@blogger.com
JY27PIVRV09X79ZJ,1983-10-19,Toby,Conklin,horace0220@gmail.com
6IEZ5IQ1L16EOP2J,1981-03-21,Sulema,Ewing,carmel.champion@gmail.com
XCMTC6NFPYU3FBUL,1990-12-24,Annemarie,Pereira,sherika830@gmail.com
DQX0HQFLFU8OT31A,1974-12-13,Gearldine,Crandall,sharell167@sensitive.com
QFINHOLCRPLVQP7G,1988-05-26,Tennie,Laster-Ogden,georgeanna74992@distributor.com
L6GN9ZQULS37M6DJ,2017-11-20,Domonique,Thames,kary583@dock.com
O377B2O31FS0PEGF,2019-01-04,Shu,Marchand,damian32@yahoo.com
ZSCBRDXKG05TYZ4B,1971-07-08,Loma,Mace,lavette-storm@yahoo.com
SRY5S8KJAD2Q25HP,1995-01-02,Arnita,Forest,craigneely6008@gmail.com
H2S5EVVM5KJBI13P,1994-11-21,Joane,Noyes,marisol0817@hotmail.com
7EQZITD42MRQMJ1Q,1978-02-05,Hsiu,Garris,remedios_healy629@keeping.com
SEEFSU3QRQRZJQ61,1992-11-10,Nadia,Draper,kyla7@yahoo.com
K8QKHIZJPK8RLGZC,1983-10-24,Shenika,Ohara,jospehguess@lucky.com
EIXX4Q0QDY3KOHNP,2012-06-09,Ricki,Hildreth,azalee-keen@hotmail.com
Q2MI6X6DPYI8GTDV,1985-04-03,Efren,Purcell,lizabeth_cornejo@hotmail.com
FZOAX46XT0RKT1SE,1990-01-27,Derek,Silas,detra95@needle.com
5P761DP6ZDRJ1MVF,1973-07-07,Edna,Sweeney,donald.crutchfield-devlin@hotmail.com
J4Q5NFGPT00M1ZO1,2007-02-26,Chau,Carrier,yung468@lil.com
IO3107B125P7CJ2N,2021-12-19,Pauline,Crooks,jonnie_dugan@easter.com
QFQ3BES9A94G6VST,1973-01-30,James,Marra,elliotthibodeau@gmail.com
0OU6O4FKZTMTT3LJ,1972-05-17,Mackenzie,Horst,theodora.miner@gmail.com
GEQUEL7GD3MR6811,1996-02-11,Glynda,Matthews,ellis_navarrete47@hotmail.com
J96VZT65FFVD61K3,1998-04-27,Corina,Golden,abe-mccue769@cognitive.com
1AO3PKPAZVQFL38Q,2005-06-28,Natalie,Michaud,nelly_torrez@amend.from-dc.com
8Q1RQPJQOUPRQ8E5,1991-11-25,Shonda,Andrus,bridgett.jobe2@gmail.com
EM6U4LELQ0NQUL6I,2007-05-18,Lakenya,Holtz,ariana.ochs@hotmail.com
UJXVHU3QJND9XH8Q,1974-12-05,Zella,Trammell,maynardchew47@yahoo.com
QBDUYHS4BS59C5N3,1970-03-10,Marylou,Volz,susana4@hotmail.com
5P6UQX6KDAYMR9U2,1992-04-30,Miles,Truitt,nickie54@writing.com
9085CERDO3QHZ3YV,1987-09-17,Shu,Wasson,dalene-ridley69078@hotmail.com
YDQ65NQPJ49TIRMQ,1983-01-17,Bart,Feliciano,jules.cuellar99@roger.com
QGZR4EVYJVA74QKQ,2013-07-27,Buddy,Halstead,elke968@famous.com
7FIE93O1FVUS2C0H,1992-11-28,Noella,Bisson,tabithagiroux460@yahoo.com
TOYYNCO93MP6FJ06,1972-01-19,Le,Foley,karylrivard35@earnings.com
80DM5HP1UIV16UQ5,1989-11-07,Ronni,Keeton,forrest.mcmahan@hollywood.com
PSQE0U1NCSA5NCO0,2020-11-16,Elfrieda,Burroughs,karine.velez@hotmail.com
XI2UZIDDESF3HO6R,1978-09-29,Dylan,Coleman,andree.camacho93764@angel.com
0D1L4UOGCQFASXXF,2000-02-01,Nichelle,Binkley,christina-alfred@hotmail.com
SS2LA3Q002F9MY5I,1970-07-19,Destiny,Ethridge,josephina.brandon14@daughter.com
DQ8QYGKSIGUCMZDE,1988-11-16,Joane,Horn,argentina.broadnax77241@chrysler.com
Q207L7RFU4GTKSXE,2000-08-09,Jason,Cullen,camille844@theology.com
M8CM0G5JTKN4QY20,2012-12-01,Paulina,Lehmann,shiloh05@steven.com
O53VERVAGPNXZ4Q5,2016-11-04,Jimmy,Chu,kumfournier038@al.com
TQLJB80KA4YQQJYX,2005-04-08,Manual,Trice,leola_witte@handle.com
FP6A1R6EKDSRGUSG,2019-03-08,Doreen,Taber,abe.wiley@against.com
NUAGL8CLKZEYQQ85,1972-11-22,Jonathan,Scales,gemazook@gmail.com
20YKQVH7B2EZHKGZ,2006-07-26,Winfred,Freedman,sage.hanley1@yahoo.com
G9BY40EXQPQERAN3,1973-05-06,Keesha,Roark,erwin-dozier-cheek6581@accomplish.com
6P6QYNRBN43VNQXP,1991-09-11,Oda,Larson-Carlos,misha1@hotmail.com
E461U8ROBSYQKCUN,2020-05-29,Benita,Lo,raymond-forbes@allah.com
ZDQFT4IOZ802X336,1999-03-04,Leesa,Foley,anastasia54@bundle.sanagochi.tokushima.jp
0EUCI3ILFM174VFJ,1996-09-26,Cyndy,Pennington,veronique.ernst580@yahoo.com
Z8TGAB7T2U3AEHPH,2013-10-02,Dorathy,Mace,sharivenegas@gmail.com
6QF2INNC1NC66B3S,1981-08-18,Mayola,Connolly,sirenawhitmore38954@af.com
51UYA6GLKAEXAOIZ,1974-11-03,Filiberto,Kirk,genny.lundgren1@amino.com
VSO9IN0FE6T7QZXN,2019-10-30,Marguerita,Ledbetter,elva-cutler3@giant.com
B8KRMJO4XNCT65EQ,1996-10-24,Raylene,Feldman,marcy_cook@hotmail.com
A6333VBX0TTHASLO,2020-07-13,Cleotilde,Levine,ruthamcqueen7@gmail.com
YFLDARQPC81GTG3J,2001-08-23,Kalyn,Madden,ray_fogarty154@yahoo.com
QA1DQN8Z33D2VRHA,1982-10-30,Raymond,Webster,lonny12630@gmail.com
N7YRV9ZJEQ6GP7AM,2002-08-04,Therese,Kovach,zofia_shuman14113@patterns.com
MBPH795OPEDMDI7V,1976-09-22,Carmelia,Bible,rosalind-stillwell@gmail.com
2JC0VDX35AX2CNQV,1971-04-30,Hulda,Sinclair,yi06@shape.com
ZRHOC6VHBRQK8RMZ,1999-10-08,Gertude,Leroy-Cage,dennathibodeau3@adsl.com
LEAH1LPSRXFKXJKX,1974-04-30,Maura,Pearson,hortense7@hide.com
E6DXPIDP79Z6HV0Q,1988-08-05,Jarrett,Vanhorn,alpha.farr2939@robert.com
STQD7U4HQQE1MV0M,1985-06-03,Rudolf,Isbell,katerine_castaneda@yahoo.com
YOKI3Y95DJX8UM1R,2021-12-17,Amira,Burr,alanawiles5@smile.com
5QOQKQ6GXXK66L8Z,1985-04-14,Hyun,Dugan,lisha-moten7@gmail.com
4AKCJX937UJZ01Y9,2012-09-29,Lindy,Beckham,wm.dingle861@hotmail.com
99T4UZRL9P8QVI1G,2003-03-21,Margery,Marcotte,mignon.aguiar1019@yahoo.com
L3LKQYSK7K8HVCKL,2021-02-13,Dave,Mickens,lindapike@hotmail.com
6ET2E9Q2BQRGJFV6,2018-03-11,Willard,Whyte,layne_beaudry0@yahoo.com
MG1BX52BROK5M9VA,1973-07-27,Charlyn,Villarreal,karischulte7225@allied.com
QFTCG1UDR9VIT8CR,1974-06-22,Doretta,Quiroz-Lyle,amalshepherd-baggett141@gmail.com
V80G43HB83FQ9XYQ,1993-11-20,Denny,Cummins,kaley-noel04@hotmail.com
0B3FFVKNCFQ1JZI4,1990-07-21,Leonard,Ortega,junior-griggs@demonstration.com
7MZHONPCIZGIYLQ0,1988-08-09,Corrina,Flint,vera-palmer@listening.com
FFOADQ4F3KJ0H441,2007-08-10,Florencio,Ouellette,cristatrujillo3@survey.com
ENQ0LVHJD4M8XYEQ,1980-12-31,Silvana,Perales,cliff59@bills.com
0TMRERXMDVAQA0KU,1984-02-10,Efren,Rauch,aurora-toth47347@giving.com
H1C4IPKAFEQM4J3D,2007-12-14,Casandra,Cantu,gilbert37091@hotmail.com
LOQPZCXQJEITP6YP,2020-09-24,Kina,Moen,divina-hulsey@gmail.com
NLZYMF2X0LZ188F5,1980-06-19,Dusti,Espino,candidaleahy8@yahoo.com
9VQQAVJ7HOQX7Z58,1972-09-12,Gennie,Sapp,neda-collins@hotmail.com
LQJ96V41MXYX04RF,1972-08-20,Deshawn,Shores,susannahfarris@berkeley.com
DIHF5RFE9HBQQK69,2022-02-24,Lorna,Valles,lyle_hoag4@senator.historichouses.museum
ABPLGL23L6MQITE3,1978-06-10,Herta,New,malikaalger@hotmail.com
K6BQZKMPBVI9FTSI,1973-03-06,Jenniffer,Schoonover,glory_mcswain2662@hotmail.com
SXYS08VO3Y1STCAK,2008-12-02,Meagan,Holliman,leo.baggett-rome03706@ongoing.com
QCRCOIKQEEUOAMJR,2015-01-09,Stella,Pendleton,iva.carrico@gmail.com
ZIYDXZOVVNZQFH31,2015-01-03,Cherish,Madrigal,thigoodin13@yahoo.com
7G80GD2O8JTBCFIQ,1980-07-11,Amada,Chance,zona54421@gmail.com
140Q2ONLXFQQSB9D,1975-11-26,Tawnya,Dorris,cleora4377@spelling.com
ABLCL3MKA1XN2JQE,1993-02-18,Damaris,Brant,deena1458@stockholm.com
1QK40G73O4JCVZ2M,1989-09-06,Shenika,Billings,annette94@yahoo.com
E0HTGJGZIY8VN6AY,2006-10-08,Althea,Hutcheson,omer.sherwood-callahan@legs.com
ULPSHCI1SLZ63JD6,1989-10-28,Olene,Breland,sharri-sumpter36411@gmail.com
Z7GDQ5Q9IOG0P0GG,1994-03-19,Conchita,Mccants-Alcorn,necole.beale@yahoo.com
L33ZLKIRQ1ZYCHHG,1976-11-13,Stephanie,Jankowski,albert-ybarra6@hotmail.com
TQZNT0P7OV4ZSQPZ,1995-01-19,Sheena,Kemper,nilsa95840@instructor.com
3IC42S3DLLDK2YH3,1998-08-28,Soo,Farrar,lucy456@costumes.com
PS3ZLDQ5HYO4FNA8,2015-03-21,Catherine,Holtz,rosalva_elliott95805@hotmail.com
QCNHGQAPA4L0F5P2,1990-11-11,Francie,Jefferies,sindy-lomax621@yahoo.com
MZD171EF3NRFL4H4,1984-11-29,Tamiko,Miller,gladylombardi77@hotmail.com
QAOK8Q8RC52TBMQA,2005-03-08,Johana,Bradshaw,abe.dayton@yahoo.com
JND7PD3XN9RR3S0S,2013-05-16,Jacquetta,Gaddy,robbie-riddick@attitudes.com
LDVEVEYP2M3PF8M7,2003-12-16,Caron,Coggins,luci-springer61754@gmail.com
DC4B3K04I2OEHZ8T,2004-07-11,Eliz,Hoang,elaine57407@singles.catholic
TMHH0RZRYJM6OJEO,1974-09-08,Alphonso,Pepper,tesha_dexter277@conscious.com
QNN8PR2O9QIQEQ8C,1973-06-29,Jewel,Sharpe,shawana_burrows27647@dedicated.com
NPULDNJ3OMGIOE7R,2018-05-03,Elfrieda,Naquin,emery.schindler@gmail.com
SFJ2DNBC6QQ19UOK,1972-01-14,Theresa,Benavidez,irena0114@gmail.com
J4TE4FP2RQ9R5Z91,1991-07-08,Carolynn,Goins,skye_richie@mild.com
Q080K08YPKAQTIVU,1974-03-04,Gerda,Mckinley,rachele-hall867@yahoo.com
JQUYIQY0QSY1LHQQ,2009-06-20,Lakia,Paige,cheriseseitz56@installations.com
I7HP5YDMTCTLU9HP,2017-04-10,Nakia,Loya,wiltonheck9@hotmail.com
QISPCHHUO2MGL6CV,1972-11-25,Debbra,Sammons,paulina22@company.com
FG6VJHJGX5CSR7AZ,1984-01-13,Bernita,Cummins,trinhwicker20374@amino.com
6G5MNZYPQQT3QBML,1983-02-05,Queen,Burchett,johnetta_good03730@yahoo.com
QSGN0HJY5AJ4XUAE,1999-02-27,Myesha,Kunkel,soila_hundley@hotmail.com
1XRM72LV0EHLB4CG,2007-03-14,Mauricio,Redmond,rico_steed@gmail.com
BM3BJ16JTLGRUGQZ,2019-03-25,Florine,Lee,alexis493@catalogue.com
TX1YH3NDLVT4USQ8,1979-09-20,Theron,Mcclary,lucie-noel@yahoo.com
52DPYQKKJTDQ6B1J,2019-12-04,Ozell,Parsons,sena.beattie5860@yahoo.com
G85UAI9G01BYSQO1,1980-08-02,Tressie,Champagne,arminda_peralta@hotmail.com
CCQRNYRU4H3ASTDH,1991-12-09,Alfonso,Roller,shizue_eskridge12@stuff.com
SC5SUCF4MM0M0G8I,1975-11-03,Scot,Hendon,rita-grimes0768@secondary.com
TOLS186EN639JZO6,1991-07-26,Josphine,Wagner,shella_charlton3785@tuition.com
4X8JCGCMQQTNYQDE,1991-10-07,Lidia,Burrow,leana797@gmail.com
6FV8GKQSSQQQ7JXC,1979-07-31,Corinne,Freese,christoper-joiner1@hotmail.com
1YVUYAKAR24TB6I1,2019-05-17,Billye,Poston-Olds,yuk_connors84@outsourcing.com
ZDQ0NZVJLXD7V06J,1992-02-06,Chara,Gladney,delta-crump@hotmail.com
PC85URIMC8RF85RJ,1986-12-29,Aundrea,Mcmillen,raymundo-foreman31855@hotmail.com
5Q3VJNUQE0RAMTLB,2011-03-14,Niki,Cain,jessicahastings@cigarette.com
UCRIPGGDQLG75S4O,1994-12-06,Barabara,Cullen,keena-lo85774@ordered.abo.pa
OT59JHZYNBINDL7K,2011-08-27,Lavenia,Harrison,andree.ambrose@hotmail.com
TMRXTF0Q0YRGPF5N,2019-10-04,Porter,Weston,marchelle78@enhancement.com
2FVGQQO55H36KQKZ,1986-12-02,Lahoma,Appel,albertaramsay@yahoo.com
DXKVA7K3O4VO0AD0,2018-01-27,Leda,Elkins,leontine0@originally.com
83ZBNQS4N4S7GPK2,1984-03-16,Thomas,Rowe,romeliahuang6726@gmail.com
A0DXMP8PH1IHMSBR,1994-06-15,Zachariah,Barnett,lorene2703@pride.com
7BPDHP2HH2T49CEO,2020-10-17,Andres,Spring,bertha-pepper3678@routing.ac.rw
TNX3LD31J773VYFC,2006-12-27,Cassaundra,Hartwell-Jose,johnie-pino@nicole.com
1T2XTHX3YS841RJ1,1983-06-08,Graig,Rand,phyliss8@hotmail.com
XZU8SB1J8YY0792K,1999-10-04,Stefan,Mccreary,alphonso-giroux@hotmail.com
HFM2QEBO3QJ6E1XE,1986-03-16,Julee,Gilbreath,risa_kelleher@yahoo.com
OY3I5NQ1QLYXTT04,1970-03-30,Rosette,Davidson,celiabullock@agricultural.com
79TVYS265EUGQ44U,2019-02-01,Magdalen,Fortier,dan-sizemore7@demonstrates.com
NNP6ZV73I3CUUYA4,1988-06-19,Lawana,Teal,denisse.akins@susan.com
HEYQSQ1HMI3KYBGS,2014-01-29,Letty,Milam,shari_watt10830@clock.com
TC2YAGZS5VEM22CT,1986-06-05,Rhona,Christie,jaquelynnielson@florist.klæbu.no
HTC41ZLTQQV73UEZ,1996-07-12,Michelina,Emery,felix67092@bet.com
LL176Q0OIS2EOI76,1999-10-30,Hyman,Cardenas,leslee.frizzell5705@hotmail.com
2PQKDLGC7AQEHREX,2009-03-11,Gianna,Sheets,frederic01@yahoo.com
5VP99USGDJJO0O0K,1995-09-21,Terry,Her,allene1586@hotmail.com
TBP1BIGYESM2TFGP,1982-07-09,Rolande,Lehmann,naida.santiago05@fee.com
G88H78F5E4578IQQ,2001-11-05,Shonna,Mcarthur,celsa.tilton8@gmail.com
P935BH4JOYVFCEYE,1993-07-12,Russell,Fitch,babette41@debate.com
UQLR3JTJ3EJXZCTS,2004-12-09,Davida,Barnhill,adelaidacrutcher663@trans.com
ZYD9U0GSASBZY85O,1971-04-12,Belkis,Strange,lashandra_curley@computers.com
4IYOPIZYSR3GG16R,1978-10-16,Lavina,Christianson,selena2@yahoo.com
KN0ET510182TJ43C,2022-03-07,Cornelia,Pointer-Reid,dolorislovell-kane396@gmail.com
624Z7CF63LYXGXPT,2020-02-03,Deadra,Dempsey,jacquelyne_irizarry07@am.com
XMVCAQ8KKYEVOODY,2000-05-05,Danita,Ware,humberto3991@yahoo.com
0VLGZO6982UTQTJC,2011-10-29,Gerard,Redding,garnetappel6@hotmail.com
1FY8OSKGT9OGQ9BQ,2007-11-17,Brice,Ortiz,donnell_schwartz6@yahoo.com
R2MHB7G6ZPVE213A,1991-06-20,Errol,Boyle,celesta14051@gmail.com
LNBO5NLA07R64L3M,1996-02-26,Theresia,Burnside,garland_ingle0506@displayed.com
68P3A04OGNQYHLUK,1985-08-10,Concha,Porter,nakita.fries@structures.com
QOP0KX13VRULLNVY,1993-02-05,Meaghan,Mattingly,felipe_pardo@hotmail.com
0QHHNGSCFC7CULQY,1994-07-02,Angelo,Burnett,theron136@gmail.com
4O9OVJGS0662MVYF,1997-06-17,Goldie,Pinto,jacalyn_bedford47983@yahoo.com
K0Q9QR1GI7EITXP0,1992-03-04,Joette,Dubois,marcos-lipscomb37@nickname.com
SIFE9AMAIIUHG0YN,1993-03-17,Ozell,Crisp,felisha5084@gmail.com
R8QG40RJDQD3TU72,2011-07-06,Laverne,Houston,jonelle-rodriquez@seeing.com
3XYMONP115T0EPEP,2016-08-16,Myung,Roberts,wendolyn_goforth@quickly.com
D9XZ8M1STB42K44Z,1974-09-18,Bertram,Hoffman-Trammell,zachary6023@yahoo.com
OFESSIDXDQ4KRZ3Y,1970-10-10,Fleta,Scanlon,grantwoodworth25498@hotmail.com
I678IDEV7DKP6SQY,1996-04-01,Hulda,Mullis,catarina.paxton57@gmail.com
14MN8V0NYCZQKXBG,1982-02-24,Clora,Pennington,cyndy-painter7@burke.hepforge.org
V80O0OTVRM0K5IBR,2010-05-08,Tomi,Clemens,heriberto.dougherty53@yahoo.com
DAT8QQA2IQ0IRUBF,1973-08-23,Shanda,Valentine,laure19880@yahoo.com
6UKZ8ZD4MQP47GSI,2006-07-07,Kym,Banks,dylan1@gmail.com
RLOVZCX9T3GA44S4,1985-05-23,Ahmed,Hewitt,vida_horton@gmail.com
J8PQ1G3K4JG8FKUM,2019-04-20,Pok,Barry,lindsy86208@yahoo.com
RK76UXASSNRQZQZE,2004-11-21,Everette,Dodge,ryan.gilliland888@suited.com
UBF6ZYQXEVRYDUKF,2007-12-05,Boyce,Peterson,jackeline69270@hotmail.com
PLQQM595NIML96ZH,2015-01-21,Aleisha,Sebastian,thuy.sotelo@propecia.com
32VEQ3DXDGCJTAZH,1976-08-03,Josette,Waddell-Dickens,mark.mcdaniel@br.com
XVREQ2AH9FEHBRY1,2006-12-23,Elwanda,Mcallister,krystal955@hotmail.com
1VINF8XMZORFUDUS,2022-02-12,Elia,Cavanaugh,mitchel.holm09@gmail.com
YGGRKEEMVKSS94I2,2018-10-31,Mahalia,Tinsley,wan-burnette@gmail.com
V71STTQQ04E1MFHX,1984-02-08,Jacquetta,Roberts,margurite.vinson9348@trees.com
G5EA321KKS3YMM33,1970-07-17,Harrison,Queen,chrissy.bergman4@gmail.com
KOH5JEO80PPNONBR,1984-02-10,Erma,Andersen,jonie6981@gmail.com
TZHHHR18IJM6QCXJ,2004-06-12,Lucienne,Hatchett,allie_andre@targets.com
6UQIZMRODPTHNCKR,1980-11-20,Sal,Morse,marquitarandle1@free.com
9YCFSUP3ETHDN5KI,2016-07-30,Scarlet,Mcclary-Churchill,corinne-cardona@permit.com
1991SKKNZ19AP7TO,2014-07-01,Jenna,Gifford,rocio_clapp65@hotmail.com
TUP0E0XJ4AKH01LP,1971-06-17,Deloras,Fortenberry,love_herbert18@yahoo.com
ECA1SHB8YCGDIHTJ,2019-11-22,Amada,Place,jesse06@banned.com
D4689JGA9QZBBDQK,2010-02-11,Judi,Rountree,jacob-breedlove5@awesome.luzern.museum
TTKEI6VQUB6VYL4U,1974-05-23,Corene,Thurston,saran629@hotmail.com
EN23PSS2QVQGIF3Y,1977-03-24,Delena,Scully,stephine_covington@yahoo.com
QGGNVNZBDF784BD7,1983-06-20,Melani,Rousseau,coy_wicker@regularly.gallery
BO5B5N1AVAYVFDTQ,1981-12-17,Shena,Coon,edith7@yahoo.com
8XD77EOOM0XXO2XE,1990-01-10,Alyce,Sturgill,venessa_beyer4256@hotmail.com
4GL968VZ4E1D4DDM,2001-12-25,Dominque,Gayle,jeni-gonzales-stine@hip.com
JNQLCTVJR38US2U4,1971-08-27,Latesha,Lehman,soo_chandler@gmail.com